Model,AUC,Accuracy,Precision,Recall,F1
LOGISTIC,0.9957044673539519,0.95,0.375,1.0,0.5454545454545454
RF,0.9776632302405498,0.97,0.0,0.0,0.0
