Model,AUC,Accuracy,Precision,Recall,F1
LOGISTIC,0.9957044673539519,0.95,0.375,1.0,0.5454545454545454
RF,0.9776632302405498,0.97,0.0,0.0,0.0
XGB,0.9982817869415809,0.99,1.0,0.6666666666666666,0.8
SVM,0.9914089347079038,0.975,0.5555555555555556,0.8333333333333334,0.6666666666666666
