model,auc_roc,accuracy,precision,recall,log_loss,best_cv_logloss,best_params
LOGISTIC,1.0,1.0,1.0,1.0,0.0018722941948991862,0.0008745001942130012,"{""C"": 0.1}"
XGB,1.0,1.0,1.0,1.0,0.00421655575050667,0.004632106994462588,"{""learning_rate"": 0.3, ""max_depth"": 3, ""n_estimators"": 400}"
SVM,1.0,1.0,1.0,1.0,0.00735730602057266,0.007139074889775473,"{""C"": 100, ""gamma"": ""scale"", ""kernel"": ""rbf""}"
RF,1.0,1.0,1.0,1.0,0.015496839117474914,0.018160523525002338,"{""max_depth"": 10, ""n_estimators"": 400}"
